{
  "word": "veeru",
  "take_number": 1,
  "timestamp": "2025-09-10T11:14:36.079254",
  "frame_count": 22,
  "quality_scores": [
    0.2867417614429212,
    0.28884440952352675,
    0.28758199602448625,
    0.2933341781972645,
    0.4038638309616098,
    0.33023565920486764,
    0.4056603973401113,
    0.31890022686958586,
    0.2904355512286407,
    0.28985013751331934,
    0.31730388178797453,
    0.2884488354157092,
    0.2908430303466669,
    0.29603396501435353,
    0.2878496655848659,
    0.2900776789163507,
    0.29381019162595784,
    0.2899480653034907,
    0.2904783104890772,
    0.29621953332368495,
    0.299776233666299,
    0.30054471832588037
  ],
  "average_quality": 0.30621737536848376,
  "min_quality": 0.2867417614429212,
  "max_quality": 0.4056603973401113,
  "timestamps": [
    1757483061.0733302,
    1757483061.816941,
    1757483062.5435379,
    1757483063.24272,
    1757483063.9601974,
    1757483064.6677601,
    1757483065.3689036,
    1757483066.0833268,
    1757483066.7984803,
    1757483067.5380802,
    1757483068.3057423,
    1757483069.021629,
    1757483069.7281127,
    1757483070.4118428,
    1757483071.1094415,
    1757483071.8153117,
    1757483072.535678,
    1757483073.2266827,
    1757483073.921573,
    1757483074.6180482,
    1757483075.3157043,
    1757483076.0208585
  ],
  "fps": 1.4376582607686732,
  "movement_threshold": 1200
}