{
  "word": "hi",
  "take_number": 1,
  "timestamp": "2025-08-31T19:05:10.150189",
  "frame_count": 22,
  "quality_scores": [
    0.27095286532630947,
    0.27175368830052044,
    0.2735077994107392,
    0.27148940605161054,
    0.27835899177569007,
    0.26921736660663587,
    0.2728607737193327,
    0.27655426900540836,
    0.2686825320382927,
    0.27230841005071543,
    0.27464181950430355,
    0.28050983673442165,
    0.2782007446367992,
    0.2739166778943806,
    0.2764381833667451,
    0.2739497093152351,
    0.2719373212358662,
    0.2694823752565815,
    0.2690686409201072,
    0.27172838015370093,
    0.26963641914566894,
    0.2690244529062752
  ],
  "average_quality": 0.2729191210616064,
  "min_quality": 0.2686825320382927,
  "max_quality": 0.28050983673442165,
  "timestamps": [
    1756647301.6981916,
    1756647302.0882518,
    1756647302.463577,
    1756647303.2119243,
    1756647303.6012468,
    1756647303.9780595,
    1756647304.3554258,
    1756647304.7289317,
    1756647305.1365654,
    1756647305.5118935,
    1756647305.8973272,
    1756647306.2733874,
    1756647306.6583798,
    1756647307.0336957,
    1756647307.4184868,
    1756647307.813423,
    1756647308.204752,
    1756647308.5918314,
    1756647308.9993546,
    1756647309.3746846,
    1756647309.7478077,
    1756647310.1225038
  ],
  "fps": 2.531271876956353,
  "movement_threshold": 1200
}