{
  "word": "hello",
  "take_number": 2,
  "timestamp": "2025-09-10T05:35:49.272896",
  "frame_count": 22,
  "quality_scores": [
    0.5178899610840695,
    0.5185795931279087,
    0.5161489772709271,
    0.31986802600731623,
    0.3157587048211905,
    0.3230949292868449,
    0.3167201253532129,
    0.31329226654381304,
    0.31839561605409017,
    0.3137727041521722,
    0.3228446509855428,
    0.3120438050475611,
    0.31576839154399006,
    0.3137047627034735,
    0.32516972352298024,
    0.3097709891085001,
    0.31060536643600134,
    0.30970402974774813,
    0.30990767957271714,
    0.3114257034868464,
    0.3168310769958913,
    0.30937559681863624
  ],
  "average_quality": 0.34275784907597423,
  "min_quality": 0.30937559681863624,
  "max_quality": 0.5185795931279087,
  "timestamps": [
    1757462734.3112028,
    1757462735.0426197,
    1757462735.7394404,
    1757462736.443662,
    1757462737.1419885,
    1757462737.8414688,
    1757462738.538166,
    1757462739.240664,
    1757462739.9620614,
    1757462740.6662734,
    1757462741.3851254,
    1757462742.0881743,
    1757462742.7788916,
    1757462743.477262,
    1757462744.179142,
    1757462744.8725002,
    1757462745.5736177,
    1757462746.2751036,
    1757462746.9907815,
    1757462747.8173115,
    1757462748.5154932,
    1757462749.2133977
  ],
  "fps": 1.3117429545447081,
  "movement_threshold": 1200
}