{
  "word": "idiot",
  "take_number": 1,
  "timestamp": "2025-09-10T05:32:14.554516",
  "frame_count": 22,
  "quality_scores": [
    0.5155576549839793,
    0.5167475043285932,
    0.5121335774297491,
    0.3068487067196393,
    0.30993711672232693,
    0.30494599640163267,
    0.30936434262424267,
    0.3370169321540242,
    0.31094869290760135,
    0.31525530576580707,
    0.3118837194652662,
    0.31113430448124724,
    0.3371486783522257,
    0.31492326633837386,
    0.31495371770981795,
    0.316754797710192,
    0.31757028178981717,
    0.31653327507086493,
    0.3125153626264705,
    0.31796984278939033,
    0.3214235120193717,
    0.31223191799067196
  ],
  "average_quality": 0.3428999321082411,
  "min_quality": 0.30494599640163267,
  "max_quality": 0.5167475043285932,
  "timestamps": [
    1757462518.3532872,
    1757462519.0569663,
    1757462519.7747622,
    1757462520.4733,
    1757462522.521962,
    1757462523.2254615,
    1757462523.9312248,
    1757462524.631753,
    1757462525.3309517,
    1757462526.036741,
    1757462526.8271284,
    1757462527.5206556,
    1757462528.2233694,
    1757462528.9154694,
    1757462529.6270518,
    1757462530.3258724,
    1757462531.0145726,
    1757462531.7154634,
    1757462532.4116838,
    1757462533.104059,
    1757462533.7996125,
    1757462534.4987502
  ],
  "fps": 1.44088059799425,
  "movement_threshold": 1200
}