{
  "word": "hi",
  "take_number": 2,
  "timestamp": "2025-09-10T05:24:24.021824",
  "frame_count": 22,
  "quality_scores": [
    0.2951867285362432,
    0.3006820690130922,
    0.3008555917612742,
    0.30327562480274806,
    0.3060320101483326,
    0.3007333765531074,
    0.3069415136810104,
    0.3050595021647572,
    0.30260212585073554,
    0.30801107903496994,
    0.30629140688905926,
    0.3015094195618653,
    0.3044820637690826,
    0.3054328550555857,
    0.3046500559976202,
    0.3004849568069018,
    0.30045507328304266,
    0.30506364595238844,
    0.3006178536341838,
    0.29661280509543364,
    0.3065702229520961,
    0.3073503082211507
  ],
  "average_quality": 0.3031318313074855,
  "min_quality": 0.2951867285362432,
  "max_quality": 0.30801107903496994,
  "timestamps": [
    1757462049.1666453,
    1757462049.8814638,
    1757462050.577478,
    1757462051.282622,
    1757462051.9973059,
    1757462052.6964414,
    1757462053.4109998,
    1757462054.1125035,
    1757462054.8326292,
    1757462055.5304458,
    1757462056.2409532,
    1757462056.9425,
    1757462057.6436374,
    1757462058.341216,
    1757462059.0364006,
    1757462059.7355862,
    1757462060.443695,
    1757462061.1505485,
    1757462061.8389583,
    1757462062.5413883,
    1757462063.2403398,
    1757462063.9571896
  ],
  "fps": 1.437633868665178,
  "movement_threshold": 1200
}