{
  "word": "idiot",
  "take_number": 2,
  "timestamp": "2025-09-10T05:37:16.577227",
  "frame_count": 22,
  "quality_scores": [
    0.3163279009058115,
    0.31457435930693717,
    0.3179281761200965,
    0.34134083027771706,
    0.3220348259985937,
    0.31380168881740966,
    0.316851164189474,
    0.31912457031906116,
    0.31550110919152485,
    0.31979117008510727,
    0.3291143317755739,
    0.3227099540297191,
    0.3157718318041384,
    0.31203830706455804,
    0.31350330107952806,
    0.3169018041602413,
    0.31766419603205875,
    0.3118898576858904,
    0.32183849701357514,
    0.31652265726632656,
    0.3132232008148629,
    0.32367381152667163
  ],
  "average_quality": 0.3187330702484035,
  "min_quality": 0.3118898576858904,
  "max_quality": 0.34134083027771706,
  "timestamps": [
    1757462821.83397,
    1757462822.5610995,
    1757462823.248996,
    1757462823.9527512,
    1757462824.651157,
    1757462825.3413854,
    1757462826.0269132,
    1757462826.7242248,
    1757462827.4214249,
    1757462828.116462,
    1757462828.8145995,
    1757462829.5014246,
    1757462830.204025,
    1757462830.8911617,
    1757462831.5911324,
    1757462832.2904096,
    1757462833.0103061,
    1757462833.7459223,
    1757462834.4374495,
    1757462835.129396,
    1757462835.8293078,
    1757462836.5228648
  ],
  "fps": 1.4438400193875003,
  "movement_threshold": 1200
}