{
  "word": "hello",
  "take_number": 1,
  "timestamp": "2025-09-10T05:27:57.546419",
  "frame_count": 22,
  "quality_scores": [
    0.2988755647090362,
    0.3047745946997771,
    0.3070149419114011,
    0.31472528399295274,
    0.3039449791035195,
    0.30771437112854805,
    0.3096495378226187,
    0.3040243735892265,
    0.304891675513842,
    0.29941456084015794,
    0.3053099907783736,
    0.30911706876288003,
    0.30882735282392293,
    0.30714581722057,
    0.3117198923693283,
    0.3038772289741083,
    0.30578294721759164,
    0.3063228706533123,
    0.3073371902166725,
    0.30727264523742026,
    0.3064691540735076,
    0.3055882230988157
  ],
  "average_quality": 0.30635455748807194,
  "min_quality": 0.2988755647090362,
  "max_quality": 0.31472528399295274,
  "timestamps": [
    1757462262.7732618,
    1757462263.489799,
    1757462264.1847382,
    1757462264.887847,
    1757462265.5879216,
    1757462266.2913253,
    1757462266.9927583,
    1757462267.690375,
    1757462268.3783011,
    1757462269.0845706,
    1757462269.7852783,
    1757462270.4930139,
    1757462271.1860762,
    1757462271.889331,
    1757462272.5900292,
    1757462273.2897077,
    1757462273.9886038,
    1757462274.6848636,
    1757462275.3878002,
    1757462276.0836015,
    1757462276.7853816,
    1757462277.4866822
  ],
  "fps": 1.429502499999574,
  "movement_threshold": 1200
}